company, title, location, link
IPX,라인프렌즈[IPX] 2022년 각 부문 수시의 전체 세부 정보,서울 용산구,https://kr.indeed.com/rc/clk?jk=1015284880e2ff62&fccid=e6548a8408f0612b&vjs=3
현대로보틱스,23년 상반기 신입 및 경력의 전체 세부 정보,대구 달성군,https://kr.indeed.com/rc/clk?jk=9eadc0724e63ef77&fccid=6b3c7bf4b7d7c619&vjs=3
구글코리아,Student Researcher  PhD  2023의 전체 세부 정보,서울 강남구,https://kr.indeed.com/rc/clk?jk=f688085bf5b95500&fccid=28712efe9a7c8d8a&vjs=3
유한회사 미소,[외국계 스타트업 미소] Business Analyst Intern (정규직 전환형)의 전체 세부 정보,서울,https://kr.indeed.com/rc/clk?jk=4c25d6649f8434a8&fccid=02936474a8d39137&vjs=3
한국필립모리스㈜,한국필립모리스 2022년 상반기 수시의 전체 세부 정보,서울 영등포구,https://kr.indeed.com/rc/clk?jk=44e9ac7f0f94e784&fccid=fb7e65f74b012d18&vjs=3
키온비트,[정규직 / 역세권] Python 개발자의 전체 세부 정보,서울 강남구,https://kr.indeed.com/rc/clk?jk=d99a17784602a771&fccid=9a888c50ca3f400a&vjs=3
구글코리아,2023 Software Engineering Intern의 전체 세부 정보,서울 강남구,https://kr.indeed.com/rc/clk?jk=f39b555cc7884faa&fccid=28712efe9a7c8d8a&vjs=3
시니어앤파트너즈,[양재역] 데이터분석(석박사급 R Python Matlab)의 전체 세부 정보,서울 서초구,https://kr.indeed.com/rc/clk?jk=ce71e040d5a36470&fccid=59060ddcdf96b101&vjs=3
블록스퀘어서울,데이터분석 신입/경력 정규직의 전체 세부 정보,서울 서초구,https://kr.indeed.com/rc/clk?jk=88960e11c2cdd682&fccid=72348558bd9456ba&vjs=3
Google,2023 Software Engineering Intern의 전체 세부 정보,서울,https://kr.indeed.com/rc/clk?jk=495da9eebc1b719f&fccid=a5b4499d9e91a5c6&vjs=3
NHN Cloud,[NHN Cloud] 보안관제 (김해 근무  신입)의 전체 세부 정보,부산,https://kr.indeed.com/company/nhn-cloud/jobs/-166afabd93ac2c83?fccid=38f6244dd1b9a5d6&vjs=3
엔에이치엔데이터,[NHN DATA] 백엔드 개발자(Python) 경력의 전체 세부 정보,성남 분당구,https://kr.indeed.com/rc/clk?jk=fc8f55d611506428&fccid=71f9584e40c502d2&vjs=3
시니어앤파트너즈,[선릉역] 신호처리(석박사급 MatLab Python)의 전체 세부 정보,서울 강남구,https://kr.indeed.com/rc/clk?jk=7c751b226ddb504c&fccid=59060ddcdf96b101&vjs=3
이에프,대전 소프트웨어 개발자 (Springboot 추천시스템 빅데이터 Python jsp)의 전체 세부 정보,대전 유성구,https://kr.indeed.com/rc/clk?jk=25c30697c8764be8&fccid=900c41cfb3813d9f&vjs=3
메디픽셀,[전문연구요원] 의료영상 리서치 엔지니어 정규직의 전체 세부 정보,서울 마포구,https://kr.indeed.com/rc/clk?jk=3544467a7b64376f&fccid=aba88c202493b8a5&vjs=3
제스엔지니어링,C# S/W 개발자 or Python 응용 S/W 개발(사원주임대리과장의 전체 세부 정보,서울 금천구,https://kr.indeed.com/rc/clk?jk=26ca4ab29d6cfb79&fccid=0f2f8141103a3f4e&vjs=3
메이저 금융그룹 연구소,[메이저 금융그룹 연구소] Data Scientist 경력직 연구원 포지션의 전체 세부 정보,서울,https://kr.indeed.com/company/%EB%8D%94-%ED%9C%B4%EB%A8%BC/jobs/Data-Scientist-%EA%B2%BD%EB%A0%A5%EC%A7%81-%EC%97%B0%EA%B5%AC%EC%9B%90-%ED%8F%AC%EC%A7%80%EC%85%98-4260ec2bd9434950?fccid=3cfe13845f73c09f&vjs=3
Google,2023 Student Training in Engineering Program (STEP)의 전체 세부 정보,서울,https://kr.indeed.com/rc/clk?jk=b89ff63eb6593d15&fccid=a5b4499d9e91a5c6&vjs=3
루벤티스,데이터마이닝  인공지능(AI) 외 경력의 전체 세부 정보,서울 강남구,https://kr.indeed.com/rc/clk?jk=da437cb9cae31254&fccid=0513ee429c38f237&vjs=3
한국품질재단,2023 K-디지털 트레이닝 빅데이터 크리에이터 양성과정의 전체 세부 정보,부산 사상구,https://kr.indeed.com/rc/clk?jk=dd2c148b52ff84f6&fccid=f9e2e81d70c91524&vjs=3
Mofac,Python Programmer의 전체 세부 정보,서울 서초구,https://kr.indeed.com/rc/clk?jk=df21e3bb5d773616&fccid=6cddb172d498d15c&vjs=3
더마미러,OpenCV/MATLAB/TensorFlow/Python/C/C++/Linux 알고리즘 엔지니어의 전체 세부 정보,서울 서초구,https://kr.indeed.com/rc/clk?jk=37828a9f8123595d&fccid=f401a9b533c97602&vjs=3
한솔피엔에스 아이티서비스부문,IT 전 부문별 (경력직/인턴직)의 전체 세부 정보,서울 마포구,https://kr.indeed.com/rc/clk?jk=3e707127fec26cb5&fccid=11eaba5d26cf2f85&vjs=3
RGA Inc.,인공지능 기술 개발의 전체 세부 정보,서울,https://kr.indeed.com/company/RGA-Inc./jobs/%EC%9D%B8%EA%B3%B5%EC%A7%80%EB%8A%A5-%EA%B8%B0%EC%88%A0-%EA%B0%9C%EB%B0%9C-b6ca3a1e92cc226b?fccid=55527aef9e133b8f&vjs=3
RIDI Corp,데이터분석가(Global)의 전체 세부 정보,서울,https://kr.indeed.com/rc/clk?jk=19b8de1e98be9c18&fccid=ba4215b904dee414&vjs=3
앤씨앤,딥러닝 영상 인식 Researcher의 전체 세부 정보,성남 분당구,https://kr.indeed.com/rc/clk?jk=ef349527eaafb014&fccid=e0ebb3045283ebe8&vjs=3
AIA,Business Data Analyst의 전체 세부 정보,서울,https://kr.indeed.com/rc/clk?jk=b8c69b58bc3fe70c&fccid=004041685e219574&vjs=3
LIG넥스원,LIG넥스원 SW직무 수시(신입  경력  전문연구요원)의 전체 세부 정보,성남 분당구,https://kr.indeed.com/rc/clk?jk=22bc188ada739a84&fccid=53987d2c47135867&vjs=3
마켓오브메테리얼,머신러닝  딥러닝 외 경력의 전체 세부 정보,울산 울주군,https://kr.indeed.com/rc/clk?jk=73727eb9b279a6a3&fccid=606aec63eb72f6c0&vjs=3
데브시스터즈,[데브시스터즈] DevOps Engineer (신입)의 전체 세부 정보,서울 강남구,https://kr.indeed.com/rc/clk?jk=3058f7280a2e6644&fccid=58a9a803698a0afd&vjs=3
SK플래닛 Tacademy,T아카데미 ASAC 2기 교육생 [빅데이터 분석/ 웹풀스택 개발]의 전체 세부 정보,서울 마포구,https://kr.indeed.com/rc/clk?jk=d28829d5b0b4fb66&fccid=c29e5daceb008fd3&vjs=3
Google,Student Researcher  PhD  2023의 전체 세부 정보,서울,https://kr.indeed.com/rc/clk?jk=a078d9395f376ccd&fccid=a5b4499d9e91a5c6&vjs=3
BOEING,Software Engineer (Virtualization)의 전체 세부 정보,서울,https://kr.indeed.com/rc/clk?jk=977861689a5d76c8&fccid=edae4285faf6c2f0&vjs=3
한국정보기술서비스산업협회,2023년 ICT이노베이션스퀘어 인공지능(AI)/블록체인 1기 교육생의 전체 세부 정보,전라남도,https://kr.indeed.com/rc/clk?jk=a6cde92258224142&fccid=21e7cb4036a655e0&vjs=3
시스메틱,백엔드 엔지니어 (Python/Javascript)의 전체 세부 정보,서울 영등포구,https://kr.indeed.com/rc/clk?jk=dc4b5e342e7ae6a0&fccid=6cc748c560420a2e&vjs=3
Amazon Web Services Korea LLC,Cloud Support Engineer - Development & Mobile Services의 전체 세부 정보,서울,https://kr.indeed.com/rc/clk?jk=72d58e49e3a56385&fccid=fe2d21eef233e94a&vjs=3
Broadcom,HW/EMI Engineer의 전체 세부 정보,서울,https://kr.indeed.com/rc/clk?jk=b6489bf6d28dea75&fccid=db9705308229f617&vjs=3
어밸브,딥러닝 신입/경력 정규직의 전체 세부 정보,서울 서초구,https://kr.indeed.com/rc/clk?jk=071c8d5b9ced8e9d&fccid=90e59c5d7146f2da&vjs=3
KBS미디어,2022년 계약직 - 웹 개발의 전체 세부 정보,서울 마포구,https://kr.indeed.com/rc/clk?jk=054f2fefac4253d4&fccid=76487f723e68a5c7&vjs=3
이마고웍스,데이터 파이프라인 개발자 (신입)의 전체 세부 정보,서울 강남구,https://kr.indeed.com/rc/clk?jk=a58912dfa0133539&fccid=1c5712d7c48c7685&vjs=3
캐롯손해보험,RM팀 보험리스크 담당자의 전체 세부 정보,서울 중구,https://kr.indeed.com/rc/clk?jk=821eda59b539ae7c&fccid=fc02469467eb4c46&vjs=3
기아,차량 데이터 서비스 기획의 전체 세부 정보,서울 서초구,https://kr.indeed.com/rc/clk?jk=29005c64c83bebf1&fccid=4407ef3f1668028b&vjs=3
KB데이타시스템,그룹공동 마이데이터 분석 플랫폼(데이터분석가)의 전체 세부 정보,서울 마포구,https://kr.indeed.com/rc/clk?jk=25b3c3e6a66bd77c&fccid=fe227fbd2afb9580&vjs=3
SAP,Vocational Training Program Intern (Research&Innovation)) - 2024/2025 Graduates Korea (VT/STAR)의 전체 세부 정보,서울,https://kr.indeed.com/rc/clk?jk=8be49cd8127c27b7&fccid=156c7820d1988640&vjs=3
카카오페이증권,데이터 엔지니어 영입의 전체 세부 정보,성남 분당구,https://kr.indeed.com/rc/clk?jk=84a74d37ca85cda7&fccid=8774314ead916c49&vjs=3
현대로보틱스,23년 상반기 신입 및 경력의 전체 세부 정보,대구 달성군,https://kr.indeed.com/rc/clk?jk=9eadc0724e63ef77&fccid=6b3c7bf4b7d7c619&vjs=3
메이저 금융그룹 연구소,[메이저 금융그룹 연구소] Data Scientist 경력직 연구원 포지션의 전체 세부 정보,서울,https://kr.indeed.com/company/%EB%8D%94-%ED%9C%B4%EB%A8%BC/jobs/Data-Scientist-%EA%B2%BD%EB%A0%A5%EC%A7%81-%EC%97%B0%EA%B5%AC%EC%9B%90-%ED%8F%AC%EC%A7%80%EC%85%98-4260ec2bd9434950?fccid=3cfe13845f73c09f&vjs=3
데브시스터즈,[데브시스터즈] DevOps Engineer (신입)의 전체 세부 정보,서울 강남구,https://kr.indeed.com/rc/clk?jk=3058f7280a2e6644&fccid=58a9a803698a0afd&vjs=3
유한회사 미소,[외국계 스타트업 미소] Business Analyst의 전체 세부 정보,서울,https://kr.indeed.com/rc/clk?jk=51df90967b46e8f0&fccid=02936474a8d39137&vjs=3
SAP,Vocational Training Program Intern (Engine) - 2024/2025 Graduates Korea (VT/STAR)의 전체 세부 정보,서울,https://kr.indeed.com/rc/clk?jk=11d070cc06a8e402&fccid=156c7820d1988640&vjs=3
WorldQuant,Quantitative Researcher의 전체 세부 정보,서울,https://kr.indeed.com/rc/clk?jk=e7e8586d716fcf24&fccid=08487f979320ebae&vjs=3
루벤티스,데이터마이닝  인공지능(AI) 외 경력의 전체 세부 정보,서울 강남구,https://kr.indeed.com/rc/clk?jk=da437cb9cae31254&fccid=0513ee429c38f237&vjs=3
데이터에듀,빅데이터 분석 및 컨설팅 / AI 솔루션 개발/ 웹 앱서비스 개발의 전체 세부 정보,부산 해운대구,https://kr.indeed.com/rc/clk?jk=83f1186a88a104a4&fccid=a58b762cb987fe80&vjs=3
유한회사 미소,[외국계 스타트업 미소] Data Analyst의 전체 세부 정보,서울,https://kr.indeed.com/rc/clk?jk=ec5c7ccd76639120&fccid=02936474a8d39137&vjs=3
현대자동차그룹,[TaaS] Data Scientist[연구원  책임연구원]의 전체 세부 정보,서울 강남구,https://kr.indeed.com/rc/clk?jk=67b03ffab1c536ba&fccid=980d6ecc399a3373&vjs=3
에스씨에이아카데미혜화,[코리아교육그룹]Python / JAVA / C언어/ C# / C++ 강사 중의 전체 세부 정보,서울,https://kr.indeed.com/rc/clk?jk=f4aa3759d608d254&fccid=4aba802670ed5334&vjs=3
디케이소프트,C#  JAVA 외 신입/경력의 전체 세부 정보,부산 기장군,https://kr.indeed.com/rc/clk?jk=c7189316ee1d729e&fccid=060e4ce369ec1fea&vjs=3
인코리아 프로페셔널,[외국계상장사]데이터분석가(Data Analyst)의 전체 세부 정보,서울 강남구,https://kr.indeed.com/rc/clk?jk=7ad982fec3792221&fccid=842365965c1f45a0&vjs=3
코인챗,웹개발  백엔드 외 신입/경력 정규직의 전체 세부 정보,서울 강남구,https://kr.indeed.com/rc/clk?jk=e3f3b7e2103d9bc7&fccid=e60f835b4d91f8e6&vjs=3
트레져러,주니어 디벨로퍼(Junior Developer) (경력 무관)의 전체 세부 정보,서울 강남구,https://kr.indeed.com/rc/clk?jk=d92eeff78838e652&fccid=e7b19a98be207a44&vjs=3
Nexon,[인텔리전스랩스] 탐지응용팀 백엔드 개발자 (Python/Go)의 전체 세부 정보,경기도 성남,https://kr.indeed.com/rc/clk?jk=4ce79aa71969b913&fccid=aba87288e4cc3687&vjs=3
Uber,Operations Manager의 전체 세부 정보,서울,https://kr.indeed.com/rc/clk?jk=f915c9a9f8f8a554&fccid=f766f8bfbc3effb7&vjs=3
Toss,Data Scientist의 전체 세부 정보,서울,https://kr.indeed.com/rc/clk?jk=9cb8324539546a71&fccid=18c4935c8ec646d5&vjs=3
현대자동차그룹,HR데이터 분석 (People Analytics)[매니저  책임매니저]의 전체 세부 정보,대한민국,https://kr.indeed.com/rc/clk?jk=40c2e6d8ddd57c0f&fccid=980d6ecc399a3373&vjs=3
현대자동차그룹,[선행기술원] SNN 기반 객체인식/추적 기술 개발[책임연구원]의 전체 세부 정보,성남 판교역,https://kr.indeed.com/rc/clk?jk=5994131d80ea96a5&fccid=980d6ecc399a3373&vjs=3
MOLOCO,Machine Learning Engineer Intern - Korea의 전체 세부 정보,서울,https://kr.indeed.com/rc/clk?jk=69d3cc2cca262747&fccid=27317bcae2b26fe5&vjs=3
한국카카오은행,경영기획/분석 담당자의 전체 세부 정보,성남 분당구,https://kr.indeed.com/rc/clk?jk=0b248604271c6ca5&fccid=aea6a13a3459fdb2&vjs=3
바인테크,Python 서버 어플리케이션 개발자의 전체 세부 정보,서울 송파구,https://kr.indeed.com/rc/clk?jk=8a7c4886df34e482&fccid=aef44811e748bebe&vjs=3
엔씨소프트,[단기계약직] 데이터 분석/처리 언어학자 모집의 전체 세부 정보,성남 판교역,https://kr.indeed.com/rc/clk?jk=6792ddc7a0c14cb9&fccid=a1e4e21b1f33cf40&vjs=3
에스씨에이아카데미혜화,[코리아교육그룹]Python / JAVA / C언어/ C# / C++ 강사 중의 전체 세부 정보,서울,https://kr.indeed.com/rc/clk?jk=f4aa3759d608d254&fccid=4aba802670ed5334&vjs=3
ILGRU,HR 컨설턴트의 전체 세부 정보,서울,https://kr.indeed.com/company/ILGRU/jobs/HR-%EC%BB%A8%EC%84%A4%ED%84%B4%ED%8A%B8-b0fcc9224602d6ca?fccid=3c9e4f7f7ae1c25a&vjs=3
프론트로,APP Developer의 전체 세부 정보,서울,https://kr.indeed.com/company/%ED%94%84%EB%A1%A0%ED%8A%B8%EB%A1%9C/jobs/App-Developer-457ef6b379ed8384?fccid=faa09994fff68f89&vjs=3
앤씨앤,3D 비전 Researcher의 전체 세부 정보,성남 분당구,https://kr.indeed.com/rc/clk?jk=1ebd1458d856d96f&fccid=e0ebb3045283ebe8&vjs=3
에이치알니즈,자동차  메카트로닉스 외 경력의 전체 세부 정보,서울,https://kr.indeed.com/rc/clk?jk=56c8bc189b374d01&fccid=b8c1027d6dda0525&vjs=3
Canonical - Jobs,Software Engineer - Python and K8s의 전체 세부 정보,서울,https://kr.indeed.com/rc/clk?jk=9e154b5b00d09b31&fccid=3911cf63fc0692f4&vjs=3
OpenCraft,Senior Open Source Developer & DevOps (Python  Django  React  AWS/OpenStack),Anywhere in the World,https://weworkremotely.com/remote-jobs/opencraft-senior-open-source-developer-devops-python-django-react-aws-openstack
Proxify AB,Senior Python Engineer: Long-term job - 100% remote,Anywhere in the World,https://weworkremotely.com/remote-jobs/proxify-ab-senior-python-engineer-long-term-job-100-remote
Optimile,(Senior) Python Full Stack Software Developer,Europe Only,https://weworkremotely.com/remote-jobs/optimile-senior-python-full-stack-software-developer
NannyML,Senior Full-stack Engineer with Python,Anywhere in the World,https://weworkremotely.com/remote-jobs/nannyml-senior-full-stack-engineer-with-python
Input Logic,Python Developer,Canada Only,https://weworkremotely.com/remote-jobs/input-logic-python-developer
Shake,Python Engineer (Web Scraping),Anywhere in the World,https://weworkremotely.com/remote-jobs/shake-python-engineer-web-scraping
Doximity,Python Platform Engineer,Americas Only,https://weworkremotely.com/remote-jobs/doximity-python-platform-engineer
VEXXHOST  Inc.,Développeur(e) de Python & Golang | Python & Golang Developer (Kubernetes),Anywhere in the World,https://weworkremotely.com/remote-jobs/vexxhost-inc-developpeur-e-de-python-golang-python-golang-developer-kubernetes
XM,Software Engineer in Test – Python – Cyprus  Greece or Remote ,Anywhere in the World,https://weworkremotely.com/remote-jobs/xm-software-engineer-in-test-python-cyprus-greece-or-remote-1
